O3obs,MOCAGE,TEMPE,RMH2O,NO2,NO,VentMOD,VentANG
91,93.2,21.5,0.00847,1.602,0.424,9.5,-0.6435
100,104.6,20.2,0.00881,2.121,0.531,8.01,-0.04996
82,103.6,17.4,0.00951,1.6569999999999998,0.467,9.3771,-0.12832000000000002
94,94.8,18.8,0.00855,2.35,0.701,9.4578,-0.34516
107,99.0,23.7,0.00731,1.653,0.452,7.8791,-0.41822
150,114.3,23.6,0.01182,5.316,1.3430000000000002,6.3127,0.06341000000000001
164,127.7,26.6,0.00937,2.841,0.55,4.8042,0.04164
135,164.3,23.5,0.01087,15.733,2.911,4.8795,0.79989
121,144.1,23.3,0.01168,8.807,1.867,5.1088,0.70226
129,112.8,23.7,0.01091,18.911,4.7,5.4406,0.942
118,72.6,22.2,0.01626,4.258,1.304,5.9641,-0.60661
48,146.0,14.3,0.01453,13.664,2.9760000000000004,5.8034,-0.03447
97,87.5,18.5,0.00959,4.126,1.271,7.5273,0.33856
83,158.9,15.4,0.01456,10.254,1.839,2.5942,0.48089
73,112.6,19.6,0.0122,1.955,0.445,8.8752,-0.5848800000000001
91,76.9,21.7,0.00685,1.382,0.429,12.3004,-0.63537
70,81.8,24.4,0.0089,1.567,0.443,9.5,-0.6435
125,178.6,24.8,0.01206,8.216000000000001,1.139,6.5192,0.72027
168,127.9,28.2,0.01387,4.632,0.861,7.1309,0.38832
113,109.3,26.0,0.0122,12.29,2.958,5.9816,0.66691
118,113.0,26.2,0.01064,4.615,0.995,6.2769,0.53496
130,136.3,27.2,0.00912,4.276,0.8270000000000001,6.0033,0.52328
179,141.1,27.8,0.0101,7.6560000000000015,1.75,5.1313,0.57719
196,131.4,29.1,0.00919,5.207999999999998,1.016,6.0902,0.51507
160,141.1,29.5,0.01033,5.043,0.9,6.1221,0.66964
180,163.6,29.5,0.007890000000000001,8.52,1.385,5.5227,0.55284
103,141.6,29.1,0.00663,6.654,1.341,5.2839,0.51445
214,159.9,33.2,0.01431,4.122,0.563,7.2615,0.39585
178,138.1,30.5,0.01509,6.835,1.1740000000000002,6.0877,0.73892
160,155.1,30.9,0.01526,2.489,0.349,7.2422,-0.61864
131,140.5,30.2,0.00877,3.026,0.481,9.0,-0.6435
169,149.9,30.2,0.01134,2.198,0.314,5.7801,-0.52558
139,92.5,26.0,0.01426,23.822,7.51,5.36,0.93103
104,97.9,25.4,0.00884,1.816,0.414,12.3907,-0.83678
127,96.1,26.2,0.007120000000000001,1.78,0.429,6.2266,-0.5211399999999999
163,123.7,25.4,0.01058,2.701,0.596,6.3008,0.01587
121,146.2,23.3,0.01343,18.234,3.773,4.7854,1.11649
93,126.1,26.6,0.01217,3.187,0.669,6.0133,-0.06657
108,122.4,22.1,0.01872,8.698,2.0380000000000003,6.4444,0.73051
91,99.7,24.7,0.0075400000000000016,2.109,0.502,11.2058,-0.57563
129,122.4,24.5,0.00921,5.359,1.146,6.9354,0.7446
89,146.5,24.9,0.01134,2.336,0.362,6.5765,-0.49085
145,145.2,28.1,0.01342,4.691,0.8079999999999999,7.4653,0.68102
124,127.3,28.0,0.01123,6.4860000000000015,1.2919999999999998,7.1344,1.02557
132,125.9,26.9,0.01173,9.414,2.22,6.2936,0.7741600000000001
96,183.4,26.3,0.01483,4.334,0.58,5.4452,-0.12891
116,117.0,28.9,0.01007,2.7430000000000003,0.541,6.36,-0.28694000000000003
132,128.4,30.0,0.01023,2.81,0.508,6.562,-0.13759000000000002
93,74.1,24.9,0.00984,1.045,0.337,9.426,-0.71783
117,159.1,20.1,0.01962,3.127,0.4320000000000001,5.4626,-0.4145100000000001
96,143.3,23.7,0.01534,2.125,0.362,12.1017,-0.74449
111,119.9,28.4,0.01138,1.823,0.334,10.6042,-0.6718
184,168.5,29.0,0.009000000000000001,3.827,0.612,6.7119,-0.05963
170,133.4,28.3,0.01188,4.647,0.807,6.7231,0.53022
148,125.6,28.5,0.015369999999999997,11.48,2.414,4.6615,0.6177600000000001
109,154.3,31.1,0.008329999999999999,3.415,0.472,5.8669,-0.51703
222,133.9,29.5,0.01456,3.339,0.5720000000000001,5.7079,-0.05258
80,72.6,27.6,0.01205,1.051,0.29,12.4483,-0.80812
108,105.7,25.8,0.01035,1.704,0.358,12.5607,-0.70085
156,137.1,28.6,0.01256,2.6860000000000004,0.452,5.5731,0.1622
126,136.8,27.1,0.0138,7.755,1.464,6.2968,0.81909
130,150.6,26.6,0.01577,4.65,0.768,5.6851,0.6857300000000001
182,229.2,22.1,0.02486,18.303,2.153,5.0931,0.81317
107,147.6,24.7,0.017159999999999998,6.1629999999999985,1.073,5.4818,0.25825
148,155.2,30.0,0.01172,5.5870000000000015,0.847,6.044,0.67991
171,163.9,30.3,0.01441,7.945,1.181,6.162000000000001,0.7279899999999999
157,148.5,32.2,0.01424,4.842,0.741,6.5947,0.71027
181,146.6,32.7,0.01151,5.193,0.809,7.0831,0.5331600000000001
155,157.5,32.2,0.0179,5.705,0.984,5.7689,0.588
191,149.6,31.8,0.0152,7.862999999999999,1.276,6.3702,0.82981
202,143.2,32.5,0.01549,4.628,0.79,7.1610000000000005,0.62674
176,128.5,31.6,0.01332,4.274,0.768,7.1028,0.61534
183,184.0,32.8,0.01814,4.56,0.544,7.4404,0.63275
255,191.2,34.1,0.01693,10.559,1.254,7.0725,0.8054
185,176.9,32.6,0.02004,10.608,1.396,7.2863,0.7562800000000001
193,207.7,32.5,0.01941,8.263,0.981,6.7417,0.5633199999999999
197,205.9,32.1,0.01722,7.7360000000000015,0.856,6.5307,0.4431
136,126.1,32.5,0.01247,1.968,0.319,7.9076,-0.16515
141,91.8,23.3,0.007140000000000001,13.654000000000002,4.015,6.0803,0.93716
103,130.0,25.1,0.0043100000000000005,6.631,1.206,6.1033,-1.5380200000000002
90,95.8,21.1,0.00442,2.756,0.745,8.6833,-0.5048600000000001
91,121.5,18.0,0.00558,3.785,0.855,12.5495,-0.71208
93,110.1,19.8,0.00373,4.416,1.101,7.3055,-0.33474
93,163.1,19.0,0.0069,30.934,5.006,3.9319,0.12750999999999998
119,119.4,20.9,0.00414,4.848,1.069,4.3463,-0.40187
124,129.6,22.0,0.00569,2.584,0.483,7.518,-0.49935
87,102.5,18.9,0.00956,4.836,1.289,5.3535,-0.5724600000000001
107,116.9,20.0,0.006370000000000001,6.6320000000000014,1.635,6.3789,0.23737
106,81.4,14.5,0.00969,22.496,8.513,0.9434,-0.5586
77,122.0,16.0,0.01097,4.776,0.94,3.9205,-0.65881
82,101.0,15.6,0.00599,3.834,1.098,11.9808,-0.6551899999999999
93,131.5,22.9,0.00404,5.167000000000002,1.057,5.9464,-0.34302
117,118.1,21.6,0.0065,19.528,4.996,6.4382,0.75244
115,93.4,22.0,0.00555,12.768,4.025,6.1294,1.07796
117,134.9,23.2,0.0054,2.6060000000000003,0.498,4.8260000000000005,-0.97705
87,102.0,20.5,0.00635,2.886,0.758,11.6825,-0.66405
111,117.9,24.0,0.006690000000000001,4.662,1.072,6.0166,-0.26917
116,169.5,24.8,0.0119,11.374,1.846,4.7011,0.5112300000000001
144,190.1,24.5,0.01167,7.5779999999999985,1.031,5.0567,0.42826
155,150.8,25.3,0.01021,9.947,1.778,5.5866,0.77274
183,155.1,25.1,0.01015,5.715,0.965,5.7585,0.35471
134,158.0,25.5,0.01045,6.063,1.08,5.0606,0.5167
82,115.9,27.3,0.01517,2.5340000000000003,0.477,9.6177,-0.77069
90,106.7,24.3,0.01129,5.5470000000000015,1.45,5.0912,-0.7854
151,148.9,25.0,0.0095,4.297,0.722,5.101,0.01961
188,167.8,24.0,0.01242,3.99,0.597,2.8071,0.07131
142,170.0,24.9,0.01156,3.398,0.458,4.4598,0.34302
85,127.8,26.3,0.00439,2.8680000000000003,0.5920000000000001,7.4404,-0.63275
90,94.9,25.5,0.004070000000000001,3.212,0.907,10.3856,-0.67624
68,101.6,25.4,0.0059700000000000005,3.125,0.795,11.7456,-0.74927
98,123.6,19.5,0.00778,6.765,1.659,7.0292,0.8760600000000001
111,106.3,21.9,0.00495,3.5460000000000003,0.922,5.8189,-0.33262
131,145.0,20.2,0.00686,5.6,1.143,6.6129,0.35523000000000005
102,132.8,20.0,0.00772,10.051,2.395,6.0877,0.83188
112,122.4,21.8,0.00688,6.876,1.574,6.2097,1.31019
104,137.2,25.0,0.00809,4.961,0.924,6.691,-1.40565
109,156.4,25.7,0.00717,4.2639999999999985,0.6920000000000001,6.0415,-0.50067
117,124.2,28.5,0.00827,2.455,0.482,6.7417,-0.36398
139,178.4,29.3,0.00922,3.877,0.516,6.5307,0.2004
229,173.2,28.6,0.00977,5.3660000000000005,0.763,5.6436,0.51915
169,194.6,27.5,0.01235,4.596,0.569,4.3863,0.42285
122,177.1,29.3,0.01167,4.776,0.682,5.8669,0.51703
163,188.8,27.3,0.01504,4.38,0.478,1.5811,0.60554
123,163.7,27.6,0.01125,8.892999999999997,1.4409999999999998,4.3417,0.5048600000000001
116,153.5,28.2,0.01078,14.289,2.492,6.7201,0.93325
117,152.0,28.4,0.00954,11.102,1.931,6.229,0.73997
118,160.1,30.3,0.00878,7.62,1.1840000000000002,6.3253,0.68462
115,165.8,31.1,0.0083,8.147,1.291,6.49,0.588
97,141.2,30.8,0.00924,9.569,1.756,6.825,0.68161
82,146.8,27.1,0.01244,7.886,1.545,6.1522,0.79689
116,107.4,27.7,0.00828,2.518,0.5489999999999999,8.3024,-0.02409
64,104.7,26.0,0.01025,2.053,0.463,8.8051,0.03408
81,111.2,25.8,0.00626,3.135,0.782,8.8204,-0.5754199999999999
102,128.3,24.0,0.00658,2.539,0.51,9.0802,-0.44395
89,144.3,25.6,0.00742,2.16,0.348,5.9816,-0.66691
124,141.6,30.0,0.00863,2.542,0.411,5.7009,-0.37725
139,186.2,28.1,0.008440000000000001,5.222,0.684,6.3695,0.38634
176,170.3,27.1,0.01128,3.391,0.411,3.6056,0.33929000000000004
148,176.6,27.2,0.00896,8.967,1.491,6.3702,0.74098
156,166.6,27.4,0.00897,13.771,2.208,6.4351,0.7963899999999999
123,142.4,30.2,0.01025,17.158,3.107,7.1344,1.02557
149,244.1,33.3,0.00782,9.755,0.97,5.7009,0.66104
120,227.0,23.9,0.01232,17.012999999999998,2.068,3.467,0.99079
77,121.2,25.9,0.00929,4.712,0.953,8.1025,-0.41948
107,98.2,29.8,0.0043,3.937,0.97,11.5256,-0.67474
83,98.5,30.5,0.00619,3.0,0.728,12.1622,-0.7854
120,109.1,29.6,0.00375,3.605,0.823,10.9786,-0.7274
96,159.1,27.6,0.00608,3.907,0.628,7.0029,0.02856
98,143.7,27.8,0.00909,13.958,2.5980000000000003,6.1847,0.8884799999999999
102,144.5,27.9,0.01151,15.724,2.9530000000000003,6.3411,0.90837
144,253.4,29.1,0.00913,17.967,1.89,5.6727,0.71054
103,151.7,30.3,0.00995,9.202,1.487,6.8154,1.17939
113,150.3,31.4,0.01004,7.685,1.216,7.0214,1.26706
115,207.2,30.5,0.01224,7.961,0.853,5.8241,1.2925
117,122.0,29.0,0.00701,2.9610000000000003,0.579,7.6538,-0.50456
93,102.7,26.5,0.0044,3.172,0.743,8.3648,-0.48503
93,132.0,29.8,0.00476,3.34,0.581,6.2514,0.12832000000000002
100,149.8,23.9,0.01123,2.643,0.358,5.0329,-0.36575
97,122.8,26.2,0.00743,3.1180000000000003,0.617,14.2948,-0.8249799999999999
101,98.4,26.2,0.00428,3.778,0.982,14.1767,-0.8552799999999999
98,93.9,29.8,0.00464,3.572,0.898,10.8904,-0.77241
83,98.9,30.0,0.00518,1.852,0.453,10.4019,-0.90807
74,79.6,26.8,0.00629,2.079,0.605,12.14,-0.92565
118,103.7,27.0,0.00364,3.122,0.6659999999999999,5.5902,-0.17985
109,126.7,25.1,0.00672,12.365,2.655,6.8819,0.95055
99,241.6,23.1,0.0138,9.918,1.008,3.9825,0.49734
85,102.3,28.6,0.004529999999999999,3.159,0.737,9.9765,-0.74995
92,78.5,28.6,0.00483,2.515,0.7440000000000001,9.4403,-0.63503
92,100.2,28.4,0.006379999999999999,2.603,0.5720000000000001,7.5007,-0.013330000000000002
109,135.6,26.4,0.00556,12.93,2.396,6.4444,0.84029
117,128.4,27.2,0.00985,5.479,0.968,6.6287,0.1974
91,118.1,24.1,0.0058,2.6060000000000003,0.517,7.1449,0.1122
69,131.4,19.6,0.00902,4.453,0.7659999999999999,6.5,-0.5325
83,126.5,23.0,0.00866,3.837,0.7240000000000001,14.0014,-0.7955
71,103.9,25.9,0.00462,2.839,0.652,10.6832,-0.7523
105,147.6,26.4,0.00827,5.04,0.7659999999999999,5.41202,0.28084000000000003
108,120.4,24.5,0.00693,7.581,1.408,6.73573,0.71185
86,113.9,26.1,0.007790000000000002,5.063,0.852,5.93633,-0.56931
26,187.3,21.7,0.01044,20.248,2.278,4.12311,0.39852
79,149.8,24.0,0.01226,5.145,0.7020000000000001,2.69072,-0.73282
109,176.3,25.6,0.01088,6.182,0.7609999999999999,6.31981,0.0792
138,192.4,27.2,0.00929,5.561,0.613,5.916919999999998,0.53172
126,153.9,27.4,0.0065,10.126,1.4880000000000002,5.63649,0.43984
100,132.1,25.6,0.01043,15.658,2.78,6.30079,0.94317
133,183.6,28.8,0.008740000000000001,15.225,1.787,5.45894,0.49642
112,157.0,28.4,0.00932,7.957999999999998,1.115,5.76975,0.44814
110,130.5,27.6,0.008159999999999999,11.647,1.986,5.59732,0.8486
104,90.2,21.2,0.01293,4.083,1.052,9.80306,-0.32175
71,85.1,19.5,0.013330000000000002,4.5280000000000005,0.838,7.0214,-0.30373
86,92.6,19.9,0.01301,18.337,2.935,2.96816,0.56931
84,66.9,21.0,0.01359,9.213,1.686,2.3021700000000003,-1.52735
75,91.5,21.5,0.00773,4.522,1.11,5.727130000000002,-0.43241
96,118.6,21.2,0.01044,11.1,2.043,4.68615,0.8760600000000001
87,116.8,24.6,0.00992,5.553,0.999,5.73847,-0.39345
105,148.4,25.9,0.00956,9.34,1.24,4.00125,-0.02499
60,75.8,17.9,0.00799,9.915,2.766,2.77308,-0.44752
112,139.6,20.4,0.007409999999999998,8.124,1.221,4.20476,-0.04758
117,154.7,20.4,0.00663,31.114,3.776,3.80789,0.23861
105,152.6,20.4,0.00975,18.402,2.339,2.65707,0.34556
46,67.2,15.0,0.00978,0.708,0.264,4.44072,0.62549
92,82.7,18.0,0.01055,0.8109999999999999,0.23,3.96232,0.1776
68,100.1,15.8,0.00932,2.41,0.638,0.41231,0.24498000000000006
85,80.5,17.1,0.01091,0.713,0.229,3.61248,0.72664
96,74.8,18.0,0.00896,0.499,0.158,5.2172800000000015,0.21243
114,56.1,19.7,0.00894,1.065,0.444,1.97231,0.53172
127,72.2,21.5,0.00995,1.045,0.348,3.2249,1.05165
140,123.2,22.3,0.00865,13.882,2.94,5.66392,0.83536
131,98.0,23.6,0.01013,4.596,1.154,6.8818600000000005,0.95055
84,126.5,23.9,0.01314,2.982,0.5379999999999999,1.52315,0.40489
126,211.7,26.0,0.01719,5.682,0.622,3.70135,0.67052
102,98.5,22.4,0.01615,1.31,0.282,3.16228,0.32175
75,118.5,19.8,0.01496,3.347,0.757,4.3566,1.01463
79,88.2,18.1,0.01299,1.0759999999999998,0.289,5.99333,0.44872
99,81.8,20.5,0.0117,1.101,0.319,1.30384,0.5667300000000001
92,119.8,20.7,0.01192,1.4069999999999998,0.273,2.88444,0.98279
70,69.4,17.6,0.00882,0.5670000000000001,0.18600000000000005,6.92315,0.1889
70,66.7,19.4,0.01192,0.657,0.207,2.97321,0.34302
73,58.4,22.3,0.01489,1.064,0.354,2.8178,0.47952
64,75.4,23.9,0.01404,0.922,0.251,6.60303,-0.03029
120,103.9,27.1,0.01399,5.676,1.244,0.6,0.0
62,82.2,26.4,0.02058,1.103,0.272,3.02655,0.13255
101,74.1,26.2,0.01725,1.676,0.49,2.06155,0.8884799999999999
166,143.5,32.0,0.01734,8.674,1.37,1.6970599999999998,0.7854
239,133.5,34.7,0.01906,6.254,0.959,0.5,0.9273
184,183.8,29.2,0.02153,4.026,0.491,4.38292,0.47385
87,100.1,25.2,0.02475,1.78,0.318,5.09215,0.34038
103,127.7,25.1,0.02183,2.528,0.442,1.14018,-1.30454
134,80.9,27.2,0.01876,1.54,0.42,1.48661,0.73782
98,105.0,27.8,0.01808,3.178,0.6629999999999999,0.36056,-0.588
124,113.8,23.3,0.01488,3.849,0.8190000000000001,2.7313,0.4145100000000001
146,119.2,23.1,0.01047,3.831,0.7709999999999999,3.5227800000000005,0.60375
154,100.2,26.6,0.01173,1.357,0.273,2.12132,0.7854
118,73.5,25.4,0.00992,0.5920000000000001,0.16399999999999998,5.96657,0.23685
98,60.8,19.5,0.00972,0.7240000000000001,0.281,5.29528,-0.18999
95,48.8,18.6,0.00919,0.39,0.17800000000000002,4.62277,0.8926799999999999
110,80.8,21.4,0.01089,0.7020000000000001,0.194,4.52217,0.31476
117,86.5,25.8,0.01029,0.828,0.202,4.08044,0.6288
63,63.3,18.8,0.01252,0.7709999999999999,0.271,6.22896,0.09647
69,51.0,20.1,0.0157,0.885,0.355,8.62148,0.90874
76,77.8,18.2,0.01366,0.87,0.253,5.0990199999999986,0.4461100000000001
109,108.8,23.0,0.01226,2.664,0.5670000000000001,0.31623,-0.32175
79,66.3,20.1,0.01488,0.649,0.183,3.4539800000000005,0.38588
81,77.4,22.4,0.01368,1.225,0.345,1.45602,0.2783
127,126.3,29.1,0.01264,3.341,0.584,0.7,-1.57079
79,159.2,30.1,0.01376,1.66,0.226,2.76586,0.8621700000000001
59,83.9,19.0,0.013880000000000002,0.754,0.188,5.37122,0.4220100000000001
97,68.1,21.6,0.01166,0.6759999999999999,0.207,2.6,-0.39479
132,193.6,25.0,0.013669999999999998,5.3210000000000015,0.623,3.20156,0.25255
84,104.3,23.0,0.01309,0.989,0.182,0.9434,0.5586
27,122.7,22.1,0.02082,2.742,0.444,2.1400900000000003,0.91795
31,84.2,18.0,0.01849,1.264,0.312,3.33766,-0.15037
69,59.1,19.4,0.01456,4.062,1.768,3.04138,0.47835
107,79.5,21.6,0.01206,3.704,1.285,3.36155,0.53022
135,116.7,27.6,0.01025,1.039,0.179,2.40832,0.84415
99,96.8,24.8,0.00896,0.7929999999999999,0.177,7.21249,0.29544000000000004
116,77.6,21.5,0.01156,0.684,0.18600000000000005,3.70135,0.9002700000000001
120,80.7,24.7,0.01293,0.79,0.212,4.52769,0.75416
71,119.0,23.8,0.01287,1.036,0.173,6.08276,0.16515
91,139.3,21.8,0.01134,1.535,0.226,3.7855,0.21294
86,121.8,22.4,0.01419,1.595,0.263,2.37697,0.38832
126,125.1,25.7,0.01703,2.097,0.349,6.12209,0.90116
114,142.0,27.2,0.015719999999999998,2.629,0.386,5.72014,0.93429
139,159.2,29.1,0.017230000000000002,3.9,0.493,4.67547,0.72487
142,185.7,29.7,0.0188,3.962,0.436,4.245,0.75208
92,115.6,24.2,0.01843,1.279,0.218,2.69072,0.73282
163,97.7,29.5,0.01351,0.955,0.181,3.78021,0.91671
173,124.6,32.9,0.01446,1.141,0.168,3.05287,0.55165
169,153.2,35.0,0.01539,1.7619999999999998,0.209,2.95466,0.41822
210,135.2,35.6,0.014,1.14,0.153,4.2638,0.88507
226,125.7,36.2,0.01295,0.736,0.105,5.73149,0.74838
206,132.6,34.4,0.0097,1.662,0.238,4.96488,0.97162
214,117.5,35.7,0.00912,1.737,0.281,4.03113,0.80294
161,140.6,36.3,0.0138,0.789,0.102,4.245,0.81872
185,137.4,36.4,0.016069999999999997,1.841,0.301,3.36155,1.0405799999999998
147,154.0,34.8,0.0133,2.693,0.331,3.64005,0.2783
208,125.9,33.2,0.0071,1.452,0.224,3.74833,0.76653
219,173.9,36.8,0.0099,2.994,0.327,2.1931700000000003,-1.14794
204,132.4,37.4,0.01181,0.6970000000000001,0.1,4.92544,-0.10169
157,138.6,29.5,0.01754,1.616,0.207,4.17732,0.1927
139,76.6,25.0,0.01029,1.301,0.355,5.1,0.4899600000000001
156,128.6,27.0,0.01169,2.17,0.325,5.3907300000000005,0.86418
168,155.8,31.7,0.01598,2.958,0.329,4.005,0.04996
98,83.5,24.4,0.0162,0.95,0.197,8.13941,0.18535
114,90.5,27.2,0.01411,0.557,0.101,3.4481900000000003,-0.51555
126,61.5,26.4,0.007140000000000001,2.918,0.89,3.5355300000000005,0.7854
113,112.4,27.7,0.00728,1.68,0.257,6.4195,0.31682
66,79.0,15.1,0.0075099999999999984,1.399,0.311,6.13922,0.21337
60,102.4,14.6,0.00827,2.0780000000000003,0.4320000000000001,0.53852,-1.19029
79,78.0,12.6,0.0076900000000000015,1.193,0.31,9.97246,0.27417
80,78.5,10.9,0.0056700000000000006,1.495,0.466,6.08358,0.44159
99,74.9,12.4,0.00517,0.997,0.317,3.60555,0.0555
82,78.2,13.4,0.00376,1.167,0.366,1.4317799999999998,1.3597
92,82.6,13.9,0.0033,1.51,0.463,4.62277,0.8926799999999999
99,78.5,17.5,0.00425,1.535,0.444,8.450439999999999,0.8775700000000001
69,82.4,14.8,0.0098,1.75,0.429,9.41116,0.8229700000000001
95,75.7,16.7,0.0049,1.579,0.486,2.92746,-0.13707
71,99.8,17.6,0.00601,2.443,0.526,4.50444,1.5263799999999998
74,78.2,14.2,0.00735,2.505,0.728,5.25547,1.20089
83,76.3,15.0,0.00448,1.533,0.4970000000000001,3.58469,1.04473
92,94.8,17.2,0.00559,2.209,0.542,1.33417,-1.344
99,64.0,22.7,0.00783,2.681,0.836,2.55539,0.53371
91,77.0,19.2,0.01011,2.0580000000000003,0.526,2.86007,0.63651
79,56.4,16.1,0.00945,2.418,0.945,1.2083,-0.42663
58,55.6,14.5,0.01327,1.994,0.8029999999999999,5.80517,0.73666
101,73.4,19.4,0.0096,1.422,0.42,2.26274,0.7854
100,106.0,24.5,0.01034,1.918,0.379,2.90689,1.50194
149,128.2,28.3,0.01325,2.959,0.464,1.9105,-1.46592
140,155.6,30.7,0.01532,2.2,0.278,2.5632,1.21203
141,115.1,31.1,0.01759,2.204,0.38,2.77849,1.04272
178,126.0,29.6,0.01802,1.582,0.218,3.7108,1.32582
54,103.2,19.6,0.01722,1.65,0.322,6.64078,0.32175
103,94.3,17.6,0.0098,1.582,0.388,1.62788,0.18535
129,100.4,23.2,0.00671,1.416,0.298,3.80789,1.1659
132,107.5,28.2,0.00777,2.109,0.387,4.46542,0.97658
81,100.3,19.7,0.00746,1.0490000000000002,0.231,7.615769999999999,0.5224
76,101.2,20.2,0.00602,0.907,0.197,6.676080000000002,0.28859
46,97.7,18.1,0.00831,1.839,0.413,6.30317,0.84152
80,81.8,17.5,0.00377,0.887,0.263,5.18941,1.13301
91,101.3,17.9,0.00555,1.228,0.279,5.51543,1.18019
109,103.8,19.0,0.00706,1.446,0.294,1.40357,-0.07131
51,63.4,16.5,0.00747,2.396,0.863,1.02956,0.5071
101,78.4,18.9,0.00627,1.776,0.536,1.21655,-1.40565
121,85.9,21.9,0.00683,0.915,0.226,2.10238,0.44237
132,114.8,24.6,0.0075400000000000016,1.959,0.35100000000000003,1.58114,0.96525
92,103.6,25.0,0.00865,1.126,0.225,2.60768,-0.07677
94,90.9,26.4,0.01211,0.994,0.206,3.5014300000000005,-0.02856
124,94.3,26.2,0.007140000000000001,1.826,0.4,6.7119300000000015,1.0738299999999998
124,91.8,27.8,0.007259999999999998,1.263,0.279,7.64003,0.92468
162,146.4,30.9,0.007790000000000002,2.048,0.29100000000000004,6.12944,1.07796
174,132.8,31.4,0.00948,2.2430000000000003,0.34600000000000003,3.55106,0.56457
164,134.0,29.3,0.007790000000000002,1.466,0.226,4.24382,0.60107
196,138.6,30.7,0.008459999999999999,1.584,0.233,4.87032,1.23606
179,141.8,32.6,0.01084,1.308,0.175,3.19061,1.0088700000000002
84,107.1,23.9,0.01372,1.519,0.276,4.81041,0.7559899999999999
156,143.8,27.3,0.01092,2.171,0.322,2.40416,0.7854
152,148.8,29.8,0.0106,1.636,0.22,1.3,-1.17601
215,156.3,30.8,0.01082,2.5780000000000003,0.338,4.51885,1.13684
78,113.8,27.6,0.01196,1.337,0.232,4.3011599999999985,0.30705
94,84.7,23.1,0.011,0.945,0.219,5.0289199999999985,0.30288000000000004
73,78.3,21.1,0.00831,0.932,0.248,6.23939,0.37753
59,52.5,20.7,0.01222,1.577,0.535,3.11127,0.7854
99,157.4,25.9,0.01228,3.235,0.446,1.14018,0.90975
53,101.0,17.4,0.01132,1.505,0.28800000000000003,8.15414,0.5846
44,71.5,19.8,0.01089,1.07,0.292,5.34509,0.304
48,89.1,16.7,0.00853,1.514,0.359,5.004,-0.03998
63,88.4,17.0,0.00891,1.385,0.333,1.64012,0.6557
117,121.4,21.1,0.00995,1.758,0.294,5.0,0.9273
109,93.5,24.3,0.01412,1.454,0.316,5.81808,1.14559
73,111.0,26.2,0.00896,1.419,0.251,6.17414,1.13613
131,105.2,26.3,0.01053,1.324,0.247,6.0,0.9273
142,105.7,28.6,0.008140000000000001,1.414,0.258,5.73062,1.06031
181,126.0,29.9,0.00765,2.989,0.469,2.59615,1.29779
150,104.6,30.0,0.01184,2.287,0.419,4.03113,0.80294
128,107.8,25.6,0.0143,1.356,0.238,5.71402,0.99736
119,148.6,29.0,0.0069900000000000006,1.7990000000000002,0.241,4.11825,0.5071
98,133.9,28.5,0.01,1.391,0.193,7.595389999999999,0.15866
82,98.0,21.4,0.00962,1.446,0.305,6.77791,0.37777
60,86.0,23.2,0.00892,1.396,0.301,8.595930000000001,0.51049
93,92.7,21.2,0.01049,1.255,0.26,6.621180000000002,0.43663
36,85.1,21.6,0.00991,0.902,0.175,5.34509,0.304
94,95.5,22.3,0.00691,0.745,0.16399999999999998,3.0016700000000003,0.52328
70,81.5,22.9,0.01066,1.746,0.34600000000000003,6.45368,0.8621700000000001
45,59.9,21.0,0.01082,2.112,0.682,7.357310000000001,1.02805
82,71.7,23.5,0.01149,1.26,0.28300000000000003,2.59422,0.48089
142,157.7,29.6,0.01427,4.596,0.521,0.14142000000000002,0.7854
131,82.2,30.0,0.01318,2.72,0.58,1.07703,0.38051
125,103.9,28.4,0.01115,1.361,0.236,4.70106,0.02127
65,89.1,23.3,0.01048,0.8170000000000001,0.172,5.5145300000000015,0.0726
87,80.4,22.7,0.00783,0.812,0.194,4.66476,0.54042
96,101.4,23.8,0.00805,1.851,0.387,1.5033299999999998,1.50423
35,87.8,20.3,0.00931,1.528,0.35600000000000004,4.60977,1.14596
103,95.1,23.3,0.00701,0.873,0.184,5.10392,-0.0392
79,89.6,22.1,0.00733,0.831,0.179,2.81603,-0.10674000000000003
88,76.6,22.8,0.00924,1.555,0.368,5.0,0.9273
70,75.4,18.4,0.00702,1.193,0.331,4.07185,0.43069
72,59.5,15.2,0.008579999999999999,1.246,0.454,2.43516,-0.33474
64,50.6,19.0,0.00619,0.62,0.228,5.54437,0.68319
90,74.5,21.0,0.00742,0.968,0.258,3.0016700000000003,0.52328
66,78.8,21.4,0.00824,1.361,0.326,3.08058,1.34156
57,85.0,23.5,0.01027,1.306,0.256,4.12311,0.6823199999999999
92,76.9,21.9,0.00804,1.064,0.254,3.72022,0.63275
67,53.5,19.2,0.00897,0.782,0.21600000000000005,6.72681,0.08931
101,114.5,25.2,0.00974,2.4090000000000003,0.389,6.26259,0.67225
98,60.2,23.0,0.01359,1.736,0.465,5.80086,0.017240000000000002
74,97.0,22.3,0.00919,1.35,0.252,1.11803,-0.46365
61,96.8,18.5,0.01269,2.729,0.583,3.1257,1.44247
91,107.7,22.2,0.01255,1.659,0.195,2.3,0.0
91,93.0,22.7,0.01069,1.289,0.205,3.22025,0.63108
78,87.7,21.7,0.01058,1.715,0.32299999999999995,2.60768,0.07677
62,64.2,17.9,0.01195,2.114,0.5529999999999999,6.02163,0.62025
68,93.5,19.6,0.00529,1.383,0.285,4.65296,0.49249
79,81.8,21.3,0.006409999999999999,1.254,0.272,2.2561,1.34732
103,96.7,23.4,0.00677,2.399,0.477,4.0,0.9273
120,144.0,26.4,0.00943,2.854,0.35200000000000004,5.06952,1.18663
126,151.1,28.7,0.00947,2.519,0.28600000000000003,6.15549,0.8198700000000001
144,180.5,28.7,0.00945,5.117,0.501,2.69258,1.19029
93,109.3,28.3,0.01268,1.681,0.23,4.29535,0.21109
109,93.0,26.6,0.01033,3.22,0.556,1.98494,0.71409
98,111.8,25.7,0.01056,1.814,0.274,4.78017,0.65187
102,128.7,27.2,0.00933,5.772,0.815,5.3907300000000005,0.7066100000000001
111,134.8,26.6,0.00703,5.738,0.797,2.2,1.57079
126,119.8,26.4,0.01124,3.86,0.471,1.47648,0.49394
156,117.5,28.1,0.01025,1.915,0.208,4.1048800000000005,0.97604
110,139.6,29.0,0.00966,2.97,0.281,3.847080000000001,1.0839
78,101.7,25.4,0.01025,1.835,0.203,3.27567,1.02514
33,91.3,19.7,0.01281,2.272,0.298,2.28254,1.06795
58,80.5,19.5,0.01192,2.363,0.381,2.41661,0.42663
41,67.7,21.2,0.0097,4.203,1.043,3.96232,0.8211
87,110.2,23.4,0.00885,2.25,0.294,5.69386,0.5344
42,96.7,23.5,0.01019,2.519,0.343,5.73062,0.51049
39,51.7,12.7,0.00861,6.336,1.874,4.20476,1.12842
65,59.8,14.9,0.00484,4.398,1.409,4.85489,1.00565
65,83.2,16.9,0.00514,5.067,1.116,2.24722,1.20682
78,82.9,19.3,0.00469,4.7410000000000005,0.955,6.1611699999999985,0.94677
57,104.9,19.4,0.00672,5.205,0.779,4.51885,1.13684
79,69.3,20.5,0.00708,3.934,0.883,2.64008,0.91972
101,111.2,19.3,0.00665,2.633,0.343,4.1593300000000015,0.4744
23,65.1,18.3,0.01106,2.519,0.507,2.77849,0.5280699999999999
19,48.2,20.5,0.007859999999999999,7.777,2.143,3.58469,1.04473
41,63.4,18.2,0.00655,1.795,0.402,4.20119,0.6673100000000001
52,58.8,15.5,0.00839,2.917,0.6679999999999999,6.2642,0.29146
84,81.3,22.3,0.00904,0.785,0.213,9.3622,-0.40629
103,100.5,20.7,0.00748,0.981,0.233,9.4366,-0.17038
100,115.1,17.9,0.008159999999999999,0.8109999999999999,0.193,9.4048,-0.14942
96,95.0,19.7,0.007259999999999998,0.743,0.191,10.9385,-0.24941
115,93.8,24.3,0.0071,0.7879999999999999,0.199,9.7739,-0.3444
114,117.5,24.9,0.00909,1.109,0.22,7.6531,-0.11787
153,128.8,27.1,0.00937,1.194,0.197,4.6872,0.588
203,182.0,25.4,0.01275,5.952000000000001,0.812,6.1074,0.6926399999999999
208,188.0,25.3,0.01184,7.85,1.13,6.7956,0.57576
121,137.7,25.5,0.01141,10.433,1.931,6.1221,0.66964
112,101.1,21.1,0.01706,1.154,0.27,6.8118,-0.86854
114,129.3,17.7,0.01684,3.685,0.685,2.9206,0.66405
56,146.4,14.3,0.01488,2.988,0.524,5.2154,0.07677
103,115.4,19.0,0.01088,1.922,0.354,8.5475,0.10549
84,78.7,15.3,0.01547,0.84,0.235,1.6125,-1.05165
72,88.4,20.4,0.01315,0.76,0.197,8.1345,-0.36453
92,85.3,23.0,0.0069,0.8540000000000001,0.219,11.0693,-0.39896
77,89.2,25.2,0.00922,0.953,0.221,9.2445,-0.27384000000000003
178,192.3,26.9,0.01209,5.783,0.703,7.6158,0.40489
114,126.2,29.4,0.0117,1.3630000000000002,0.226,7.7414,-0.10352
173,143.1,28.5,0.01208,5.686,0.898,6.9354,0.4314
194,177.6,30.9,0.0101,6.974,0.94,6.3906,0.35144000000000003
188,159.8,31.6,0.008879999999999999,4.145,0.777,7.8109,0.3258
143,203.2,32.3,0.01132,6.198,0.703,6.4885,0.49812
125,214.5,30.8,0.00733,4.045,0.466,6.4133,0.18822
106,138.0,34.1,0.01192,1.112,0.159,7.5505,-0.19999
114,157.8,32.9,0.01569,3.4810000000000003,0.454,7.1847,0.60731
112,144.1,31.7,0.01414,1.918,0.274,7.7666,-0.2075
100,147.7,30.8,0.01047,1.7,0.228,9.6047,-0.25255
166,48.3,27.0,0.02361,1.4880000000000002,0.494,3.1953,-1.21935
135,183.0,27.8,0.01463,7.782999999999999,1.054,5.8052,0.73666
73,104.1,26.6,0.00891,1.151,0.214,11.9281,-0.60661
101,102.6,27.0,0.00727,1.027,0.204,7.311,-0.05474
117,108.0,26.1,0.01003,0.906,0.192,5.4745,0.16515
118,146.9,24.8,0.013669999999999998,2.28,0.374,4.9659,1.13417
74,129.9,26.5,0.01146,1.347,0.241,7.3682,-0.13614
108,148.6,24.4,0.01769,6.4910000000000005,1.121,7.5769,0.39276
64,100.2,26.6,0.008,1.063,0.217,11.0766,-0.11764
131,134.7,26.5,0.00937,4.539,0.86,7.7698,0.55587
77,100.8,24.6,0.01033,0.875,0.18,7.9202,-0.42976
91,155.1,30.1,0.01152,2.396,0.338,7.0214,0.18622
102,113.9,30.2,0.01037,0.922,0.163,5.1662,-1.31643
105,130.5,28.9,0.01219,1.757,0.329,4.1617,0.95613
82,199.7,26.8,0.01421,2.838,0.309,6.9065,-0.04345
80,106.5,29.1,0.00923,1.106,0.215,8.36,-0.1199
89,119.6,29.8,0.00892,1.149,0.202,8.4593,-0.11849
70,73.9,25.5,0.01073,0.446,0.124,9.0377,-0.43395
94,137.6,20.3,0.01901,1.571,0.241,6.407,-0.04684
77,129.5,26.8,0.01463,1.6,0.263,8.9944,-0.49846
114,112.9,29.4,0.01169,0.867,0.155,10.3092,-0.31562
157,163.3,28.8,0.00785,1.878,0.282,7.7104,-0.16940999999999998
202,199.6,30.8,0.01222,3.813,0.409,8.3385,0.09609
191,268.6,30.7,0.0148,7.332000000000002,0.653,5.728,0.2831
112,151.5,31.9,0.00785,1.948,0.258,8.0623,-0.12435
189,179.9,30.5,0.01372,2.412,0.276,7.0,0.0
81,86.1,28.5,0.01048,0.568,0.126,12.8316,-0.7137
101,104.1,28.0,0.00958,1.197,0.221,10.6892,-0.4762
133,128.1,29.0,0.01221,1.477,0.251,4.7885,0.5010100000000001
147,131.0,28.7,0.01414,2.595,0.4370000000000001,7.2498,0.42663
175,185.6,28.4,0.01535,2.914,0.35100000000000003,6.4514,0.33155
143,172.3,23.9,0.02753,1.996,0.22,5.4589,0.49642
123,158.5,22.6,0.02186,2.948,0.428,5.7871,0.17367
137,141.8,31.0,0.01065,2.276,0.35100000000000003,7.278,0.22165
224,157.0,32.2,0.01241,3.298,0.462,8.1271,0.32564
182,175.2,32.5,0.01564,3.332,0.413,8.132,0.28675
257,153.6,34.5,0.0104,3.863,0.5479999999999999,8.5615,0.24781
269,173.5,34.3,0.01386,4.062,0.508,8.4694,0.40024
319,155.9,34.9,0.01142,2.87,0.385,8.3744,0.20442
209,185.6,33.1,0.019,1.931,0.215,3.7014,0.02702
209,174.6,30.4,0.02143,3.664,0.458,3.9395,0.41822
175,157.8,33.1,0.01556,2.3080000000000003,0.306,5.1788,0.17467
208,141.3,33.4,0.0107,4.672,0.7340000000000001,8.9694,0.38879
185,182.1,34.9,0.01817,3.313,0.378,8.5796,0.36968
254,211.2,36.3,0.01347,5.9910000000000005,0.589,7.6968,0.42878
296,189.0,35.0,0.01722,6.023,0.6679999999999999,8.5088,0.41106
201,203.9,34.3,0.01557,3.562,0.402,7.3926,0.40312
168,168.5,33.6,0.01599,2.645,0.308,7.7466,0.19486
102,161.9,32.3,0.01675,2.924,0.361,5.9682,0.5461699999999999
137,134.1,30.2,0.01361,2.587,0.402,6.9893,0.33532
134,120.5,32.8,0.01016,0.997,0.159,9.6338,-0.16685999999999998
141,110.3,26.0,0.006809999999999999,3.088,0.747,3.8079,1.04839
114,123.8,26.2,0.00412,0.85,0.142,5.8421,-1.45069
97,90.6,22.4,0.00343,0.551,0.14,9.1417,-0.34597
108,118.9,21.3,0.0043,0.738,0.146,9.2957,-0.70163
99,112.9,21.0,0.00328,1.194,0.259,9.7082,-0.04121
135,127.8,18.8,0.00748,1.392,0.244,2.1024,-0.04758
118,122.2,21.5,0.00398,1.887,0.365,5.8009,0.017240000000000002
130,131.0,20.6,0.00547,2.106,0.392,8.6452,-0.71992
105,85.0,17.3,0.01121,2.47,0.7340000000000001,4.1593,-0.1691
113,111.9,19.3,0.00639,1.659,0.386,6.407,-0.04684
103,96.6,14.8,0.00983,1.327,0.363,2.6476,0.18999
86,120.7,15.6,0.0101,0.971,0.181,6.5437,-0.67713
85,97.1,18.6,0.00718,1.269,0.317,8.7092,-0.37624
113,132.6,23.1,0.00444,2.065,0.376,6.5008,-0.01538
122,135.4,23.5,0.0062,6.268,1.266,7.4,0.3303
127,113.4,24.9,0.00528,3.5460000000000003,0.8340000000000001,6.4661,0.5536800000000001
123,129.4,22.5,0.00541,0.787,0.147,6.1847,-0.6823199999999999
93,100.3,21.9,0.0071,0.745,0.168,11.3217,-0.42809
114,124.3,24.4,0.0074,1.773,0.341,5.8215,0.08599
201,188.4,26.5,0.01336,2.915,0.35600000000000004,3.5903,0.22471
207,217.0,26.6,0.013280000000000002,3.434,0.355,5.9211,0.08454
169,150.4,27.6,0.01074,1.773,0.258,4.1183,0.5071
183,164.1,26.5,0.01085,2.369,0.338,6.6370000000000005,0.10567
192,160.7,26.6,0.01089,2.296,0.339,7.0093,0.24498000000000006
101,111.7,27.9,0.01428,0.946,0.172,9.5462,-0.39801
109,109.1,25.6,0.01166,1.611,0.35,3.4059,-0.05876
156,127.4,23.5,0.01279,1.429,0.245,2.7459,0.5779
200,128.9,24.5,0.0117,0.894,0.154,2.7313,0.4145100000000001
138,168.3,25.8,0.01003,1.773,0.24,3.3541,1.39094
111,121.0,26.5,0.00417,0.964,0.191,7.4632,-0.31328
96,102.2,27.9,0.00474,0.856,0.188,9.4868,-0.32175
77,101.7,27.5,0.00566,1.009,0.213,9.6897,-0.54219
108,132.9,20.6,0.00656,3.218,0.648,7.8892,0.53172
125,108.1,21.9,0.00477,1.628,0.369,6.5192,0.36057
168,127.9,21.0,0.00494,1.539,0.311,7.506,-0.03998
135,135.9,20.9,0.00643,4.878,1.062,7.2014,0.44502
137,128.5,23.8,0.00746,1.258,0.226,5.9464,0.8329799999999999
137,126.0,25.4,0.008,0.7559999999999999,0.132,7.7666,-0.96851
132,165.1,30.1,0.00804,1.27,0.16899999999999998,6.5069,-0.04612
181,157.5,30.6,0.01108,1.435,0.184,6.5734,0.23022
148,152.8,27.6,0.01221,1.097,0.157,2.2023,-0.88187
141,157.6,27.5,0.01324,1.964,0.282,3.7121,-0.0809
127,161.7,30.0,0.01018,2.069,0.251,4.9193,0.46365
125,157.5,30.3,0.00847,2.922,0.4270000000000001,7.2111,0.33929000000000004
220,187.1,33.0,0.00793,3.844,0.461,6.9426,0.20305
163,198.8,33.4,0.00757,9.536,1.188,7.2277,0.25169
125,152.2,32.8,0.00821,4.81,0.736,8.9811,0.32879
110,153.0,28.5,0.01098,3.088,0.513,7.3239,0.61073
114,94.2,28.3,0.00655,0.797,0.182,10.4785,-0.23109
78,79.3,26.1,0.00473,0.7020000000000001,0.196,11.3864,-0.80403
97,154.5,29.7,0.00658,2.8510000000000004,0.407,6.8942,0.41822
132,184.1,31.2,0.01022,3.083,0.371,5.1546,0.31562
92,142.9,24.8,0.01375,3.305,0.491,6.7742,0.54295
75,106.2,26.9,0.008440000000000001,0.99,0.199,9.8995,-0.1419
83,103.0,26.5,0.00561,0.889,0.209,10.139,-0.25933
111,122.2,24.4,0.00554,0.981,0.189,10.0807,-0.18961
101,128.9,24.7,0.00755,1.085,0.159,1.2369,0.24498000000000006
123,134.4,29.9,0.00775,1.196,0.204,5.099,0.4461100000000001
150,171.5,28.4,0.00774,2.17,0.28300000000000003,7.1021,0.16978
184,158.3,28.4,0.00881,1.122,0.156,0.6083,1.40565
203,172.5,29.4,0.00883,2.544,0.325,6.8007,0.345
161,177.1,29.3,0.00831,5.405,0.727,7.209,0.414
170,174.1,33.8,0.00978,3.719,0.462,7.0385,0.3937
217,221.1,35.1,0.00762,3.732,0.368,6.772,0.28438
131,266.7,24.1,0.01355,5.625,0.494,3.2249,0.51915
86,102.5,27.3,0.00836,1.128,0.222,9.3301,-0.3048
114,95.1,31.5,0.00481,1.029,0.22,10.0319,-0.41013
85,109.3,31.7,0.006509999999999999,1.109,0.207,10.2942,-0.69598
123,107.6,31.0,0.00458,0.981,0.193,10.1843,-0.34038
108,150.1,27.9,0.00484,1.635,0.254,8.1056,0.03702
136,154.7,30.0,0.00811,3.482,0.51,6.7543,0.44378
163,157.2,30.0,0.01076,2.81,0.397,7.0214,0.45728
183,249.9,31.4,0.00923,4.311,0.401,7.3376,0.30451
136,136.3,32.8,0.00985,0.8220000000000001,0.123,4.7676,1.4022
129,133.4,33.6,0.00923,0.83,0.124,5.9237,-1.19029
173,149.1,30.4,0.01098,1.421,0.195,7.1847,-0.96349
120,109.9,29.6,0.00607,0.893,0.175,8.6348,-0.23374
103,96.4,27.0,0.00372,0.838,0.187,10.2961,-0.19549
107,144.3,30.4,0.00496,1.819,0.265,7.0257,0.08551
110,126.4,23.2,0.01239,1.03,0.154,2.5495,0.4461100000000001
102,116.4,29.3,0.00713,1.3530000000000002,0.239,10.7075,-0.96466
109,126.2,28.9,0.00549,1.668,0.278,10.8467,-0.71363
112,102.3,32.5,0.00481,1.507,0.28600000000000003,7.0385,-0.3937
87,97.8,30.5,0.00393,0.643,0.147,10.6301,-0.71883
75,84.0,27.6,0.00598,0.843,0.204,10.9604,-0.79185
117,105.3,27.9,0.00285,1.536,0.29,4.2544,0.41106
146,135.9,27.6,0.006490000000000001,3.168,0.544,6.9778,0.44442
122,190.4,22.8,0.01417,2.995,0.326,4.2048,0.44237
99,115.0,29.9,0.00515,1.109,0.193,7.0937,-0.70557
95,67.1,29.0,0.00468,0.583,0.173,10.3368,-0.21447
89,98.3,28.9,0.00589,1.009,0.201,9.9141,-0.15188
158,168.2,29.6,0.00478,4.5139999999999985,0.578,4.8384,0.31521
138,117.5,28.0,0.00843,1.293,0.22,6.7268,0.08931
93,108.1,24.3,0.00575,0.524,0.105,6.8066,-0.04409
64,115.6,20.2,0.00999,1.394,0.196,3.2016,0.25255
83,123.0,27.4,0.00801,1.4580000000000002,0.231,8.9022,-0.66597
96,91.9,26.6,0.005220000000000001,0.657,0.149,10.2416,-0.45491
129,153.9,27.3,0.00847,1.938,0.246,6.1131,0.26482
128,142.0,26.6,0.0069700000000000005,4.37,0.627,7.1784,0.32616
100,104.1,27.2,0.00807,1.929,0.3,6.7912,-0.23784
52,218.2,23.1,0.00952,6.148,0.482,5.8669,0.51703
97,100.5,23.5,0.01128,1.073,0.198,4.6648,-1.03038
132,154.3,28.3,0.00892,2.248,0.266,2.2361,0.46365
177,214.0,29.8,0.00907,3.615,0.318,5.5109,0.20095
175,198.2,29.3,0.0069,7.02,0.731,7.1021,0.16978
152,134.8,28.3,0.00857,4.684,0.693,6.14,0.52925
214,212.2,31.1,0.0081,7.331,0.67,5.2469,0.13380999999999998
209,175.0,30.4,0.00916,4.353,0.495,7.0456,0.11379
164,141.4,29.4,0.0077,3.691,0.529,6.0083,0.32175
110,137.6,24.0,0.00859,2.992,0.35200000000000004,11.2201,-0.63994
104,103.7,20.8,0.013,1.551,0.281,9.3477,-0.6028399999999999
73,91.9,19.0,0.01288,1.998,0.319,6.5,-0.5325
114,78.5,19.7,0.01265,12.769,2.215,3.2202,0.4497600000000001
87,81.0,21.6,0.01268,0.757,0.101,2.184,-1.2925
84,97.0,21.7,0.00838,1.7280000000000002,0.345,4.4283,0.11315
112,119.1,22.8,0.00896,3.543,0.5589999999999999,3.1623,0.60554
103,124.6,24.7,0.00977,2.02,0.304,4.5695,0.40489
113,125.3,26.2,0.0098,2.6,0.35700000000000004,5.022,0.22083000000000005
74,55.5,18.3,0.00998,1.847,0.632,2.0248,0.35299
119,127.6,20.5,0.007859999999999999,2.28,0.334,4.1049,0.04874
146,144.9,21.0,0.00659,11.54,1.414,4.982,0.18165
93,159.2,20.2,0.00986,8.892999999999997,0.977,3.0364,0.30092
96,65.8,14.7,0.00974,1.331,0.536,6.6611,0.94531
92,77.8,13.6,0.01268,1.248,0.46,7.8549,1.02164
92,91.1,12.9,0.01227,1.518,0.442,4.1869,0.8699399999999999
69,72.2,14.5,0.01368,2.105,0.775,7.2277,1.31911
89,81.3,14.9,0.01034,1.524,0.528,4.3909,0.5248
110,98.6,18.4,0.01032,1.849,0.473,3.9395,0.41822
132,114.8,20.6,0.00982,4.694,1.068,2.7203,1.2723
138,166.3,26.5,0.00813,12.191,1.953,4.7853900000000005,0.4543
131,169.3,27.4,0.00988,2.264,0.317,1.70294,-1.51204
107,128.8,23.3,0.01412,1.807,0.354,2.80713,-0.07131
97,116.7,18.5,0.01524,2.629,0.55,2.69258,0.54679
63,65.8,13.2,0.014469999999999997,13.93,6.49,9.10055,0.01099
92,106.6,17.6,0.01157,1.813,0.47,4.61411,0.52183
96,91.5,15.6,0.01191,1.895,0.56,5.71402,0.99736
86,110.1,17.4,0.0116,2.067,0.515,4.3011599999999985,0.95055
73,105.3,16.0,0.01001,1.543,0.363,7.0007100000000015,0.7753
85,68.6,16.1,0.01134,1.294,0.465,6.02163,0.62025
93,67.0,19.4,0.00932,1.029,0.34,6.58635,0.5248
51,83.3,19.4,0.0143,1.791,0.509,6.351380000000002,0.5836399999999999
59,76.4,21.7,0.015580000000000004,1.541,0.435,5.40833,0.33929000000000004
100,117.4,27.5,0.01994,3.045,0.541,4.03113,-1.44644
82,100.0,22.1,0.0147,2.097,0.4970000000000001,3.77359,0.5586
83,122.9,27.1,0.01348,1.6130000000000002,0.293,2.92062,0.90675
151,182.2,32.4,0.01859,2.264,0.257,3.33017,0.84914
60,93.8,22.7,0.01625,2.055,0.473,7.31095,-0.69824
98,144.9,21.7,0.01323,11.024,1.99,3.49285,1.15839
76,97.5,21.3,0.01437,2.076,0.471,3.55106,-0.56457
116,144.4,22.5,0.01514,2.175,0.361,2.14709,0.48448
73,118.2,24.3,0.015819999999999997,1.807,0.315,4.0792199999999985,0.1974
102,128.1,23.1,0.01044,3.2430000000000003,0.611,4.2189999999999985,-1.47584
115,98.0,22.3,0.01003,2.865,0.6779999999999999,5.33667,-1.344
135,138.6,22.1,0.00954,2.346,0.386,3.25576,-1.38545
124,144.7,24.4,0.00957,2.784,0.5429999999999999,3.93954,-1.15257
90,82.5,21.6,0.01111,1.974,0.688,5.20096,-0.90807
94,66.5,18.6,0.00963,3.542,1.412,5.24023,-0.8394
116,66.7,19.3,0.00875,0.855,0.324,2.9,-0.7610100000000001
87,80.5,22.1,0.00948,0.936,0.262,4.1303800000000015,-0.12135
56,59.3,16.0,0.01593,1.739,0.6759999999999999,7.710380000000002,0.81291
128,86.4,23.6,0.01406,1.977,0.485,7.49533,-1.342
105,104.7,22.6,0.01499,2.472,0.537,4.39318,-1.36447
115,153.3,24.1,0.0113,6.935,1.051,5.0990199999999986,1.12469
138,165.1,25.0,0.00962,9.132,1.249,4.38292,0.96381
134,176.7,27.6,0.00963,2.519,0.312,2.0,0.9273
96,92.8,22.1,0.01076,1.528,0.3670000000000001,5.51543,-1.18019
113,131.0,23.2,0.00899,2.947,0.547,3.66879,-1.26629
73,100.0,25.8,0.01349,1.513,0.337,4.72017,-0.63503
85,92.8,23.5,0.00959,1.275,0.273,6.5192,-0.72027
73,93.3,20.4,0.01336,1.293,0.278,3.75899,-0.49935
70,113.1,24.3,0.01541,1.867,0.327,2.22036,-0.62549
140,208.6,28.8,0.01585,6.357,0.649,3.20624,-0.06242
137,190.3,32.8,0.01665,2.097,0.232,0.82462,-0.24498000000000006
174,209.6,31.1,0.01839,2.469,0.225,2.74591,-0.18311
84,170.5,24.7,0.01505,2.04,0.261,4.13401,-0.56116
85,91.7,20.1,0.01343,0.943,0.222,4.43847,0.39306
147,133.9,28.5,0.0118,2.161,0.321,0.98489,0.41822
202,143.2,30.0,0.01441,3.2430000000000003,0.456,3.33766,-1.42042
228,170.2,33.2,0.01517,7.947,0.938,3.40147,1.1466
164,172.9,35.8,0.013069999999999998,11.809,1.378,3.98246,0.49734
228,195.7,37.4,0.0152,8.508,0.8440000000000001,5.4037,0.68052
280,221.6,38.0,0.014180000000000003,9.192,0.903,4.95782,0.72832
227,153.5,35.7,0.0197,2.635,0.34700000000000003,6.772,-1.28641
276,223.5,34.7,0.01937,9.091,0.765,1.70294,0.86854
221,158.7,35.6,0.015030000000000003,5.099,0.643,3.11448,0.8308200000000001
163,164.7,36.8,0.01194,2.647,0.319,2.23607,-0.17985
155,162.6,36.6,0.01354,1.168,0.13699999999999998,4.70106,-1.54952
183,133.8,37.9,0.01344,0.887,0.11,3.80789,0.23861
169,128.6,33.0,0.01621,2.117,0.309,5.60357,1.5351
175,193.3,29.4,0.01398,18.784,2.3680000000000003,2.78927,0.25367
140,114.2,24.3,0.01247,22.985,5.067,3.0016700000000003,0.52328
169,132.9,27.1,0.01145,8.488,1.457,4.20119,0.90349
146,137.0,27.0,0.01655,2.652,0.327,2.97321,-0.34302
103,112.6,21.3,0.01676,2.29,0.407,5.31507,0.20847
93,73.1,24.5,0.01273,1.1740000000000002,0.307,3.18277,-0.80762
100,87.4,23.6,0.00895,2.34,0.5770000000000001,6.0008300000000006,1.15934
103,103.0,21.2,0.01191,1.135,0.215,2.90172,0.03447
79,87.8,12.3,0.00821,2.7960000000000003,0.762,4.5967400000000005,-0.7700100000000001
97,79.8,14.3,0.00499,2.495,0.792,5.0774,-1.01011
99,74.8,14.4,0.0047,1.007,0.337,8.68217,-0.57203
90,66.6,13.0,0.00527,1.6030000000000002,0.609,5.1614,-0.62025
105,74.2,12.8,0.00317,2.825,1.082,2.65707,-1.22524
92,80.7,12.9,0.00361,3.764,1.307,5.2392699999999985,1.15839
99,87.9,14.2,0.00351,10.349,3.333,6.17738,0.5071
110,97.1,17.5,0.00465,4.27,1.085,8.6885,0.20868
48,58.4,11.9,0.007640000000000002,4.477,1.944,5.73149,-0.82242
96,96.1,15.2,0.00735,28.383000000000006,7.56,3.15753,0.19118
83,86.7,15.8,0.0066,3.169,0.936,3.7,-1.57079
78,70.0,13.8,0.0049,2.492,0.963,5.2469,1.43699
84,110.5,13.2,0.00395,11.161,3.0410000000000004,0.7,-1.57079
84,76.4,16.0,0.00705,1.666,0.496,5.60803,1.18698
78,85.5,20.1,0.00798,1.695,0.441,5.68507,0.88507
75,74.9,17.6,0.008190000000000001,1.171,0.3720000000000001,6.95701,1.24905
80,64.0,15.7,0.00772,1.384,0.53,6.21289,0.99172
89,70.0,13.6,0.0114,1.345,0.466,4.83011,0.4729100000000001
95,86.5,16.5,0.00992,1.43,0.393,5.80086,0.94453
98,132.2,23.5,0.0136,2.425,0.404,3.18277,-0.76318
127,167.1,28.9,0.01261,2.404,0.308,3.89487,0.50959
134,147.6,30.6,0.01762,2.022,0.271,4.20119,-0.90349
77,86.6,24.0,0.01159,1.165,0.276,4.11096,-0.07304
53,84.3,17.6,0.01227,3.009,0.88,4.90918,-1.50965
91,75.2,16.1,0.01001,1.175,0.375,4.3382,-0.45334
88,112.5,16.7,0.01176,2.394,0.49,1.7,-1.08084
99,148.6,19.6,0.00693,3.622,0.564,1.56525,0.46365
120,126.3,24.4,0.00944,1.692,0.28,3.41321,1.48279
93,133.7,21.1,0.00966,1.376,0.217,3.5227800000000005,0.11379
70,86.3,20.1,0.00618,0.877,0.233,7.40608,-0.04052
64,79.4,16.7,0.00575,1.098,0.338,4.82597,-0.10379
46,102.3,16.4,0.01022,3.519,0.8220000000000001,2.40416,-1.27536
93,95.6,19.5,0.004220000000000001,15.09,4.5139999999999985,5.0990199999999986,0.7299
104,104.8,20.1,0.0054,7.237,1.828,5.46443,0.96757
141,104.7,20.5,0.0062,8.504,2.2030000000000003,4.1,1.34948
97,58.6,18.5,0.00417,3.434,1.656,4.5618,1.11695
100,100.2,19.0,0.00571,13.069,3.774,0.64031,-0.67474
90,84.4,19.8,0.00402,2.499,0.82,2.19545,-1.046
70,110.9,15.2,0.00891,2.279,0.491,3.82099,0.82242
83,107.3,22.9,0.00817,1.47,0.297,2.66833,0.2268
67,132.6,26.1,0.01227,3.502,0.58,2.90689,-1.50194
95,124.7,28.2,0.01069,8.126,1.5219999999999998,5.89406,0.25732
142,129.2,29.7,0.00731,8.972999999999997,1.717,3.74833,0.16076
134,185.3,31.1,0.01001,3.3280000000000003,0.377,3.46699,-0.99079
145,118.2,26.0,0.006659999999999999,3.43,0.6709999999999999,4.95782,-0.8424799999999999
201,209.3,28.7,0.008490000000000001,6.605,0.74,1.52643,1.01914
143,165.2,27.8,0.01791,2.766,0.362,3.34215,0.89138
118,147.4,25.0,0.01172,1.916,0.285,4.41022,-0.99537
115,181.7,27.2,0.01342,14.364,1.833,4.3863400000000015,0.81765
146,178.1,30.8,0.0121,4.955,0.612,4.30465,0.04648
82,110.1,30.7,0.01563,4.203,0.7959999999999999,3.48281,0.8870899999999999
95,119.2,23.3,0.01142,1.411,0.23,4.56508,0.50284
69,81.8,21.2,0.01054,1.085,0.307,6.43817,0.81835
65,91.9,18.8,0.01035,1.853,0.436,5.60357,0.0357
88,125.4,26.0,0.008740000000000001,1.631,0.275,3.13847,0.53496
90,121.9,28.6,0.00919,1.14,0.194,4.70425,1.52827
78,66.5,16.9,0.00811,1.142,0.418,7.7233399999999985,0.07776
60,75.1,18.8,0.00948,1.3090000000000002,0.39,4.62709,-0.10827
65,74.2,18.3,0.007640000000000002,1.105,0.35200000000000004,8.06226,-0.40815
74,100.6,18.6,0.007490000000000002,1.802,0.431,5.1225,-0.8960600000000001
102,133.7,19.3,0.00919,3.629,0.593,4.7853900000000005,1.11649
125,130.3,24.4,0.00966,2.541,0.435,5.86941,1.32995
134,124.3,26.1,0.00987,2.7910000000000004,0.493,6.23618,1.2947
129,141.2,26.6,0.00897,3.686,0.575,4.97695,1.1791
171,144.1,26.6,0.01003,2.206,0.328,4.60109,-1.54906
191,200.4,27.8,0.00856,3.482,0.3670000000000001,0.3,-1.57079
158,185.0,30.5,0.01197,2.225,0.229,4.29535,-1.13839
104,128.3,29.6,0.007759999999999999,2.8310000000000004,0.472,3.10644,-0.99172
167,168.4,29.0,0.00648,12.671,1.801,2.6,0.39479
103,110.5,19.1,0.01017,1.5,0.308,5.10882,0.05876
75,82.6,19.6,0.0105,1.713,0.454,6.66108,-0.13552999999999998
48,93.8,22.3,0.01061,1.635,0.363,7.4706100000000015,-0.4876
81,90.0,24.2,0.0056700000000000006,1.132,0.282,6.38905,-0.6967399999999999
112,134.9,24.5,0.00798,1.956,0.318,2.74591,-0.5779
83,151.1,22.0,0.00788,1.98,0.29,1.87883,-0.43984
55,103.1,17.8,0.0121,1.977,0.404,6.00333,1.53748
70,86.7,22.2,0.01068,1.225,0.303,7.9555,0.25412
60,160.7,20.1,0.01211,7.1320000000000014,0.913,0.76158,-1.1659
94,209.9,26.7,0.01332,9.992,0.996,1.41421,0.1419
97,93.3,24.1,0.01385,2.9730000000000003,0.591,1.74642,1.15839
79,84.0,19.1,0.01215,2.437,0.59,5.34883,0.36315
87,76.1,18.2,0.00949,0.965,0.276,4.96488,0.16184
63,75.3,18.5,0.01014,1.528,0.428,4.10122,0.02439
66,108.4,18.1,0.01048,3.766,0.8390000000000001,2.19545,-1.046
114,105.1,21.2,0.01056,2.9810000000000003,0.645,4.92443,-1.15257
68,85.5,23.1,0.00969,1.33,0.322,6.04649,-0.59718
88,77.7,21.1,0.006509999999999999,1.4,0.384,3.80132,-0.9536
38,75.3,22.5,0.00926,1.231,0.329,6.5030800000000015,0.030760000000000006
84,74.5,20.2,0.006540000000000001,2.609,0.795,4.8918300000000015,-0.71306
94,70.2,20.5,0.00549,1.411,0.452,4.31856,1.47804
80,66.0,20.4,0.00611,1.5490000000000002,0.534,4.50444,1.5263799999999998
92,109.8,22.3,0.00627,10.21,2.2230000000000003,2.86531,1.06031
83,121.9,25.1,0.00788,1.367,0.214,3.06105,-0.66964
73,63.3,23.9,0.0069900000000000006,0.919,0.28600000000000003,6.0803,-0.63363
77,73.0,23.5,0.00612,1.195,0.29,4.3011599999999985,0.02325
66,63.6,18.3,0.007859999999999999,1.1909999999999998,0.4,8.969389999999997,-0.53851
127,131.3,26.3,0.00685,4.663,0.755,5.0636,0.15866
92,110.1,17.2,0.01118,1.7719999999999998,0.35200000000000004,6.48845,-0.42918
55,107.8,18.2,0.00875,4.155,0.889,4.998,-1.22373
73,62.1,17.4,0.01087,7.597,2.672,5.19711,-1.04688
81,100.2,22.2,0.00902,1.545,0.285,9.32952,-0.54042
79,81.4,20.1,0.00659,5.142,1.489,4.68722,-0.98279
97,114.7,20.9,0.00583,1.614,0.257,5.64004,0.64705
84,83.9,19.9,0.00813,1.616,0.391,7.71298,0.23554
71,86.5,19.5,0.00578,1.463,0.307,4.33244,0.32905
91,112.2,21.7,0.005520000000000001,1.834,0.311,0.53852,0.38051
110,140.7,23.9,0.00608,11.722,1.807,1.6552900000000002,1.13417
119,169.0,26.4,0.0069900000000000006,21.26,2.659,1.6401,0.6557
167,162.7,29.2,0.00722,6.809,0.8109999999999999,3.8,0.0
131,168.6,31.2,0.00907,2.883,0.3,4.6043,1.52735
93,134.1,25.2,0.00863,2.182,0.23,1.1662,0.54042
115,119.2,25.3,0.00869,18.084,2.969,3.8588,0.54486
128,122.4,28.3,0.00878,6.638,1.015,4.6011,0.02174
63,89.1,22.2,0.01315,21.335,2.977,1.5,0.9273
83,93.3,21.0,0.01155,5.685,0.964,1.8868,-0.5586
123,136.7,22.2,0.01254,10.535,1.32,0.6325,1.24905
114,115.8,26.5,0.0084,1.814,0.269,2.5495,-1.12469
83,92.9,25.5,0.0109,1.388,0.17,3.9408,-0.6232
68,79.3,18.0,0.0101,4.062,0.8059999999999999,4.6065,0.4733600000000001
66,96.8,21.4,0.01014,3.339,0.502,6.2936,-1.26412
78,72.5,20.5,0.01263,14.675999999999998,3.825,6.3953,1.10016
96,86.2,23.1,0.00861,11.377,2.469,2.8160000000000003,-1.28274
109,116.0,25.1,0.006490000000000001,1.8,0.254,4.6615,-0.39644
55,82.5,25.1,0.0092,1.934,0.381,4.8260000000000005,0.10379
56,60.9,14.6,0.00777,8.655,2.8760000000000003,5.3712,1.14879
74,59.0,13.6,0.00665,2.7710000000000004,0.89,6.2201,1.49033
123,91.3,17.7,0.00583,8.499,1.773,2.4515,1.3654
96,91.2,20.5,0.0051,44.396,9.429,2.5495,0.8409
118,117.1,20.9,0.00441,13.233,1.91,2.4042,-0.29544000000000004
146,132.9,23.1,0.00593,4.057,0.434,5.14,0.9234
68,70.4,17.5,0.007759999999999999,3.339,0.863,4.1110000000000015,0.32175
70,80.6,16.8,0.0082,5.832000000000002,1.3259999999999998,3.8079,1.33219
61,80.5,20.9,0.00545,2.931,0.469,4.9649,0.32812
67,46.4,15.4,0.00706,3.905,1.145,4.272,0.35877
78,53.9,16.0,0.00685,6.591,1.944,5.1,-0.4899600000000001
87,110.9,17.3,0.00943,1.791,0.494,12.7914,-0.6857300000000001
108,127.3,15.3,0.00867,6.115,1.845,11.2379,-0.20612
91,119.2,12.8,0.0097,1.42,0.431,12.9066,-0.17916
98,114.5,14.3,0.00895,2.9760000000000004,0.912,13.507,-0.47689
114,133.3,18.7,0.00906,3.48,0.927,11.8596,-0.42593
133,147.1,18.9,0.01171,8.173,1.896,7.7621,-0.2606
158,186.3,20.4,0.01033,3.747,0.597,4.669,0.7551
121,157.7,19.5,0.00965,0.617,0.116,4.6098,-1.50567
103,131.4,18.4,0.01156,0.7979999999999999,0.188,4.5618,0.45384
126,131.7,18.7,0.01063,0.31,0.047,5.0774,1.01011
118,125.2,17.7,0.01349,0.902,0.171,11.2004,-0.6524300000000001
103,129.7,13.9,0.01379,0.408,0.083,4.4418,1.02652
78,133.7,10.4,0.01273,2.016,0.504,8.0505,-0.11203
104,104.8,13.2,0.00922,2.246,0.72,9.6747,0.12435
105,123.6,11.6,0.01462,1.395,0.32299999999999995,3.8013,1.10715
80,100.4,19.8,0.00958,1.589,0.459,11.9854,-0.70863
125,127.4,18.7,0.01505,0.867,0.189,4.1231,0.6823199999999999
161,114.1,21.9,0.01365,1.197,0.299,6.7119,0.05963
130,121.3,21.3,0.01277,0.626,0.138,4.0311,0.80294
119,117.5,21.1,0.01109,0.6809999999999999,0.15,4.5277,0.53284
129,131.3,22.1,0.00959,0.838,0.192,4.0162,0.32962
168,147.1,22.6,0.01256,0.35600000000000004,0.062,2.0,0.9273
237,140.0,24.0,0.01047,1.029,0.203,3.8471,0.4869
146,160.2,24.5,0.01228,0.691,0.117,3.5114,1.22203
150,154.8,23.8,0.00937,0.65,0.121,3.3615,0.39708
119,132.4,23.4,0.00742,0.855,0.187,4.6325,0.57004
227,148.7,26.3,0.0151,1.085,0.182,6.0745,0.35299
172,143.8,25.1,0.01611,0.551,0.092,3.9825,1.07345
219,243.0,25.7,0.0126,6.2010000000000005,0.7190000000000001,6.8066,0.17723
142,152.1,25.8,0.00899,2.342,0.397,12.3847,-0.67096
157,236.9,24.0,0.0149,2.543,0.277,5.2479,1.03038
136,127.5,21.2,0.013669999999999998,0.451,0.058,5.1225,0.8960600000000001
113,117.4,21.0,0.009000000000000001,0.6970000000000001,0.158,18.4114,-0.83919
151,134.9,22.2,0.00747,5.0360000000000005,1.12,8.3355,-0.5280699999999999
147,151.0,19.5,0.01163,2.727,0.589,5.9942,0.48603
128,129.3,18.9,0.01332,0.655,0.133,4.3105,1.50114
111,165.0,21.8,0.01273,6.699,1.376,8.2079,-0.38729
111,127.6,17.3,0.01857,0.523,0.098,6.8264,0.5554899999999999
100,106.0,20.8,0.00731,1.1740000000000002,0.29600000000000004,15.2201,-0.6408699999999999
133,108.9,19.6,0.01015,1.586,0.402,5.8052,0.83414
99,108.6,19.8,0.01269,4.202,1.133,9.9464,-0.22303
132,165.7,21.6,0.01227,1.808,0.317,4.9244,1.0617299999999998
128,129.8,22.6,0.01113,1.449,0.292,6.5,-1.17601
142,117.7,22.1,0.01245,0.627,0.149,5.3009,-1.55193
127,192.9,21.7,0.01641,5.103,0.767,7.3553,-0.12267
127,141.6,24.4,0.01125,5.597,1.148,8.86,-0.28605
169,157.8,25.3,0.01137,5.442,1.003,9.3536,-0.10712
102,92.3,20.9,0.01127,1.247,0.35700000000000004,11.4739,-0.52996
124,197.7,16.3,0.01798,3.349,0.467,7.5584,-0.45181
106,153.6,20.6,0.01508,1.04,0.188,14.1485,-0.81539
134,128.7,24.3,0.01084,1.415,0.276,14.4402,-0.6379600000000001
151,166.0,22.3,0.01164,2.072,0.403,7.7885,0.27301
158,143.6,23.4,0.01166,0.732,0.114,6.8659,0.22025
126,168.9,22.8,0.01526,0.754,0.102,3.4986,1.03038
130,200.6,27.2,0.00931,7.455,1.0,7.8549,-0.54915
170,209.0,24.1,0.01575,5.132999999999999,0.6890000000000001,5.2773,0.17138
83,84.8,23.1,0.0119,0.439,0.118,19.891,-0.83163
112,118.5,21.8,0.01016,0.7559999999999999,0.161,16.9729,-0.76873
140,159.4,20.7,0.01715,0.98,0.163,4.9406,0.94349
121,100.4,21.6,0.01474,0.446,0.11,5.7567,1.27102
125,145.3,21.6,0.01571,1.267,0.228,4.3139,0.7690100000000001
182,190.4,19.6,0.02153,1.58,0.177,5.0567,0.42826
112,150.3,20.9,0.01644,4.819,0.918,7.5664,-0.13255
153,119.7,24.1,0.01074,1.375,0.293,6.0374,0.46365
150,109.1,25.4,0.013580000000000002,0.258,0.08,5.3852,1.02401
174,127.8,25.8,0.014,1.178,0.229,5.5154,0.39061
172,126.5,27.6,0.01133,0.955,0.185,5.5543,0.40726
166,157.2,27.5,0.01431,0.745,0.112,4.9244,1.0617299999999998
183,141.5,27.8,0.01136,1.182,0.206,7.3335,0.0956
157,146.6,27.5,0.01796,1.5619999999999998,0.262,4.8877,0.53691
198,137.5,27.0,0.01589,0.667,0.118,4.7802,0.91893
184,121.4,27.3,0.01609,0.941,0.18600000000000005,5.4424,0.35662
162,122.4,26.9,0.01288,0.467,0.08800000000000001,6.8622,0.32636
164,168.4,27.6,0.01679,0.922,0.132,7.5505,0.19999
162,174.3,28.7,0.01697,1.147,0.159,5.9169,0.53172
175,161.0,27.6,0.01875,0.858,0.126,6.908,0.38588
228,166.0,27.3,0.01824,0.85,0.146,6.7067,0.04475
202,181.2,27.0,0.01685,2.572,0.35700000000000004,6.2817,0.24112
146,135.1,24.8,0.015069999999999997,0.476,0.084,6.1008,1.5544
95,129.0,23.4,0.02076,0.319,0.052000000000000005,5.9008,1.55385
115,112.5,24.1,0.014430000000000004,1.897,0.408,5.9808,0.35877
141,144.7,26.4,0.01739,3.525,0.611,10.1833,-0.12800999999999998
166,173.5,18.2,0.00655,0.328,0.001,5.7706,-1.0839
128,165.0,18.8,0.00526,1.58,0.242,7.4095,-1.01649
103,123.5,17.1,0.004,3.0810000000000004,0.6970000000000001,12.2037,-0.58118
106,151.3,14.7,0.00542,0.939,0.17800000000000002,15.5878,-0.72185
114,144.5,15.9,0.00369,7.099,1.4980000000000002,10.3788,-0.43779
113,166.0,14.4,0.0069,21.348000000000006,3.796,1.9647,0.25732
114,169.9,18.2,0.004229999999999999,6.401,1.093,5.5009,-0.01818
128,162.4,16.3,0.00602,1.465,0.247,11.8309,-0.39934
103,158.4,13.8,0.01039,4.17,0.7959999999999999,7.7698,-0.55587
119,139.4,15.0,0.00607,2.189,0.487,7.642,0.10488
108,131.8,11.5,0.00856,0.959,0.199,3.8079,0.5224
101,143.8,12.4,0.00886,1.007,0.189,7.1694,-0.5260699999999999
96,131.9,11.8,0.0058200000000000005,1.105,0.25,17.6867,-0.75341
134,178.4,18.5,0.00496,6.697,1.163,7.4108,-0.054000000000000006
142,160.6,17.1,0.0062,0.608,0.101,5.9464,0.73782
125,148.5,17.2,0.00527,0.4,0.065,6.1074,1.52166
125,164.4,17.0,0.0059700000000000005,1.821,0.326,7.7006,-0.65649
103,128.5,16.4,0.00548,0.947,0.204,16.8241,-0.69702
132,172.6,20.1,0.00784,6.421,1.162,7.3498,-0.26148000000000005
140,197.8,20.8,0.0107,1.733,0.24,4.9769,-1.1791
148,196.0,21.6,0.01077,1.912,0.249,3.8013,1.54449
174,175.6,21.7,0.00927,1.268,0.188,4.9031,-1.3654
183,186.2,20.8,0.00915,1.5319999999999998,0.228,5.0695,0.25933
134,177.8,21.9,0.01017,1.152,0.17600000000000002,4.0361,0.83798
109,157.3,23.9,0.01549,1.672,0.228,12.4403,-0.63707
135,178.0,21.2,0.01085,2.109,0.333,5.3226,-1.12395
150,200.1,18.9,0.01176,0.999,0.119,2.4,0.0
152,184.6,18.2,0.01271,0.784,0.098,2.9833,0.88035
146,211.4,21.8,0.01076,1.574,0.189,3.8601,-0.63832
125,183.7,22.4,0.00451,3.402,0.542,10.7005,-0.65285
106,127.0,21.7,0.00384,1.233,0.27,14.7922,-0.74236
73,126.1,21.5,0.00563,0.868,0.19,16.4268,-0.8370799999999999
112,134.8,14.6,0.0069700000000000005,1.123,0.261,5.5866,0.77274
141,198.4,15.8,0.006670000000000001,2.633,0.408,7.0178,0.57219
130,143.2,14.5,0.00615,1.114,0.243,6.6483,0.36933
101,158.8,15.2,0.00808,0.716,0.13699999999999998,6.5765,0.79615
110,159.2,16.2,0.00693,0.35700000000000004,0.062,6.8154,-1.3187
117,160.3,18.6,0.00866,1.5319999999999998,0.257,8.3487,-0.8192799999999999
123,202.0,21.7,0.007790000000000002,3.989,0.557,8.5913,-0.6947399999999999
142,179.4,22.8,0.00847,2.518,0.384,7.0456,0.60375
164,252.1,23.0,0.0098,2.234,0.231,4.9649,0.48166
155,195.9,23.6,0.0098,1.723,0.227,4.5222,0.31476
129,197.4,24.0,0.01267,0.54,0.063,1.0817,-0.98279
125,195.7,24.1,0.01168,1.213,0.161,3.4409,0.95055
133,197.4,23.2,0.0139,1.179,0.133,2.4042,-1.27536
116,180.8,23.3,0.01097,1.227,0.184,3.6797,0.7469600000000001
105,167.7,22.8,0.01103,0.414,0.059,5.728,1.2877
112,164.1,23.3,0.00947,0.419,0.064,5.1865,0.97745
104,172.8,25.0,0.008759999999999999,0.628,0.08900000000000001,4.7707,0.99442
114,146.7,25.9,0.00813,0.672,0.133,5.794,0.37089
165,145.4,26.0,0.00867,0.561,0.096,6.0959,0.7157399999999999
76,156.5,22.6,0.01206,1.4580000000000002,0.248,5.3852,0.54679
125,117.3,21.6,0.00953,1.4680000000000002,0.322,11.8714,-0.10973
95,98.2,21.1,0.00506,0.7090000000000001,0.187,19.3349,-0.8879799999999999
137,126.6,22.8,0.006229999999999999,0.992,0.198,5.5902,0.74744
105,191.3,23.7,0.01076,2.188,0.287,3.9962,1.0175
78,150.9,20.1,0.01262,1.139,0.177,4.3417,0.5048600000000001
66,116.2,20.9,0.00968,1.526,0.329,12.054,-0.24297
92,153.1,21.4,0.00648,3.069,0.563,12.1314,-0.5079
114,166.7,19.6,0.00675,2.444,0.404,12.0304,-0.4562100000000001
65,170.5,20.6,0.00826,1.5730000000000002,0.229,4.9769,-0.3917
141,193.8,23.6,0.008020000000000001,1.913,0.259,3.9205,0.65881
169,205.4,22.4,0.00774,2.084,0.271,6.9721,0.14393
143,189.7,21.0,0.01334,0.634,0.078,3.1401,0.64987
132,182.9,21.9,0.00916,0.913,0.127,5.5973,0.72219
144,171.6,22.4,0.00886,0.43,0.064,5.728,0.77305
125,180.2,24.4,0.00991,0.536,0.07200000000000001,5.6859,0.97304
142,284.7,28.5,0.00729,2.282,0.194,4.14,0.6483300000000001
104,206.4,20.6,0.01183,1.639,0.212,3.1953,0.35144000000000003
84,127.1,22.2,0.0085,2.057,0.401,14.0417,-0.65917
118,118.2,25.8,0.00383,1.7719999999999998,0.3670000000000001,16.2373,-0.7113
84,108.8,26.4,0.00615,0.778,0.174,17.0294,-0.86854
129,132.1,25.5,0.00352,1.425,0.276,14.9241,-0.76171
113,208.9,22.2,0.00731,5.8039999999999985,0.812,9.0139,-0.0555
79,168.8,22.4,0.00954,0.4270000000000001,0.056,5.3254,0.97238
102,161.3,22.7,0.01198,0.625,0.101,5.3235,1.47674
104,163.3,24.1,0.00927,0.28,0.084,4.3012,0.95055
117,162.9,25.0,0.00982,0.894,0.133,6.1847,-1.17227
117,165.3,25.7,0.00985,1.235,0.18,7.0328,-1.04989
110,179.1,25.3,0.01206,2.3,0.32,7.1694,-1.04473
114,160.5,24.9,0.0077,3.407,0.542,10.4652,-0.4551
111,137.1,22.2,0.00473,3.801,0.743,11.8119,-0.49394
103,180.7,24.6,0.00605,4.663,0.6729999999999999,7.3348,0.19205
107,173.8,20.2,0.01053,1.557,0.195,5.0448,0.24017
105,142.3,22.7,0.00795,1.04,0.18,17.3234,-0.8753200000000001
106,138.4,22.8,0.00491,1.048,0.19,17.6011,-0.93866
128,122.7,25.8,0.00465,3.337,0.667,7.8,-0.39479
93,120.0,25.9,0.00508,0.691,0.145,16.7108,-0.89138
77,91.3,22.6,0.00646,0.627,0.163,19.1024,-0.91159
104,146.0,19.1,0.01101,1.152,0.207,6.456,1.28824
112,130.5,19.8,0.00735,0.598,0.117,6.5924,1.40315
121,200.2,18.3,0.01275,1.159,0.154,4.1183,-0.5071
105,123.0,24.7,0.00461,0.928,0.187,13.1522,-0.7854
96,106.2,23.9,0.00573,1.745,0.395,12.567,-0.47076
94,107.1,22.8,0.00705,1.837,0.414,11.5447,-0.24498000000000006
98,139.9,21.6,0.00551,0.754,0.131,5.7079,-1.51821
111,152.3,21.9,0.01036,4.564,0.7440000000000001,7.506,-0.03998
73,123.5,18.6,0.00624,4.207,0.937,8.0,0.0
78,159.1,16.1,0.0084,2.9130000000000003,0.442,6.3820000000000014,-0.61843
83,145.3,19.5,0.00881,0.911,0.151,17.3658,-0.85467
73,119.2,21.8,0.00455,0.6629999999999999,0.139,16.1276,-0.7590899999999999
115,174.6,20.3,0.00928,3.168,0.441,5.5362,0.35031
100,119.8,19.4,0.00676,0.657,0.13,6.5,0.39479
89,149.4,22.6,0.00801,5.316,0.8009999999999999,7.931,-0.40158
70,148.0,18.8,0.00914,4.143,0.529,3.0017,0.033319999999999995
104,123.0,18.1,0.013580000000000002,0.71,0.131,2.4739,-0.24498000000000006
122,208.4,21.2,0.01111,3.13,0.344,3.0265,0.13255
119,208.3,22.6,0.01095,2.673,0.284,3.4785,1.24905
110,159.9,22.9,0.00687,1.978,0.298,4.5277,0.53284
94,131.2,20.8,0.00989,0.5579999999999999,0.093,5.3759,0.7590899999999999
104,195.2,23.7,0.00965,1.6,0.184,3.759,0.49935
100,175.6,23.7,0.00949,1.4469999999999998,0.18,4.9031,0.2054
90,140.5,22.3,0.00821,0.415,0.062,4.982,0.8991899999999999
89,162.6,19.2,0.00955,1.6740000000000002,0.203,16.6652,-0.32365
77,103.7,17.1,0.0126,0.73,0.153,16.676,-0.28571
68,106.7,16.6,0.01243,0.915,0.165,17.2308,-0.42471
65,123.0,16.3,0.01161,0.7559999999999999,0.16,3.7947,0.32175
77,130.3,17.3,0.01306,0.8140000000000001,0.124,5.7706,-1.41419
74,124.1,17.8,0.00763,6.437,1.321,7.1063,-0.6857300000000001
80,134.5,16.3,0.01075,1.477,0.239,3.6056,1.2315
93,177.3,20.4,0.00928,5.375,0.684,5.9908,-0.5833699999999999
116,233.6,22.1,0.01048,4.843,0.431,4.8052,-0.20964
60,162.5,15.8,0.007890000000000001,3.1660000000000004,0.411,2.7203,-0.6288
74,198.4,16.2,0.00811,8.349,0.942,4.0311,0.12435
121,191.7,16.4,0.00722,2.101,0.199,3.8,0.0
93,221.2,16.7,0.00919,2.29,0.202,2.3022,0.04345
